chrom	start	end	sv_type	capture	illumina	nanopore	pacbio	pcr	tenx
1	7175600	7175700	DEL	No.evidence	Mapping.error	Germline	Germline	No.evidence	No.evidence
1	19386836	19386918	DEL	No.evidence	No.evidence	Germline	Germline	No.evidence	No.evidence
1	90944863	90944896	INV3	No.evidence	No.evidence	Germline	Germline	NA	No.evidence
1	91924950	91925023	DEL	NA	Mapping.error	No.evidence	No.evidence	NA	No.evidence
1	118516185	118516222	DEL	Somatic	Somatic	Somatic	Somatic	Somatic	Somatic
1	146342835	146342867	DEL	No.evidence	Germline	Germline	Germline	NA	Germline
1	147557852	147557963	DEL	No.evidence	Mapping.error	No.evidence	No.evidence	NA	Germline
1	207981231	208014822	DEL	Somatic	Somatic	Somatic	Somatic	Somatic	Somatic
1	214610143	214610185	DEL	Germline	Germline	Mapping.error	Germline	NA	Germline
1	224646606	224800117	INV3	Somatic	Somatic	Somatic	Somatic	Somatic	Somatic
1	224782794	224786016	DEL	No.evidence	Somatic	Somatic	Somatic	NA	Somatic
10	7724192	7724249	DEL	No.evidence	Mapping.error	No.evidence	Germline	NA	No.evidence
10	36930925	36930961	INV3	No.evidence	No.evidence	Germline	Mapping.error	NA	Somatic
10	55476344	55476896	INV3	Somatic	Somatic	Somatic	Somatic	NA	Mapping.error
10	83641805	83827666	INV3	Somatic	Somatic	Somatic	Somatic	NA	Somatic
10	89700298	89712322	DEL	Somatic	Somatic	Somatic	Somatic	No.evidence	Somatic
10	89700299	89700300	INV3	No.evidence	No.evidence	No.evidence	No.evidence	NA	No.evidence
10	134172451	134172504	DEL	No.evidence	No.evidence	No.evidence	No.evidence	NA	No.evidence
11	359786	359959	DEL	Germline	Mapping.error	No.evidence	No.evidence	NA	Mapping.error
11	1366336	1366391	DEL	No.evidence	No.evidence	Germline	Germline	NA	Mapping.error
11	80785596	80785597	INV3	No.evidence	No.evidence	No.evidence	No.evidence	NA	No.evidence
11	80785601	81093779	DEL	Somatic	Somatic	Somatic	Somatic	NA	Somatic
12	1199883	1199946	DEL	No.evidence	No.evidence	Germline	No.evidence	NA	No.evidence
12	8027367	8027446	DEL	No.evidence	Mapping.error	Mapping.error	No.evidence	NA	Mapping.error
12	31272732	31272966	DEL	Mapping.error	Mapping.error	No.evidence	No.evidence	No.evidence	No.evidence
12	31275727	31275886	DEL	No.evidence	Mapping.error	Germline	Germline	NA	No.evidence
12	82506876	82506908	INV3	No.evidence	No.evidence	Germline	Mapping.error	NA	Mapping.error
12	92161146	92161182	INV3	Somatic	Somatic	Somatic	Somatic	NA	Somatic
12	131266368	131266412	DEL	No.evidence	Mapping.error	No.evidence	No.evidence	NA	No.evidence
12	131851870	131851978	DEL	Mapping.error	Germline	Germline	Germline	NA	No.evidence
12	132116161	132116344	DEL	Mapping.error	Mapping.error	Mapping.error	Mapping.error	NA	Mapping.error
13	19344466	19363790	DEL	No.evidence	Germline	Germline	No.evidence	No.evidence	Germline
13	41271110	41271423	DEL	Somatic	Germline	Germline	Germline	No.evidence	Germline
13	45955196	45957052	DEL	Germline	Germline	Germline	Mapping.error	NA	Germline
13	111134195	111134284	DEL	Mapping.error	Mapping.error	No.evidence	No.evidence	NA	Mapping.error
13	114531879	114532202	DEL	Germline	No.evidence	Germline	No.evidence	No.evidence	No.evidence
14	23702028	23702105	DEL	Germline	Germline	Germline	Germline	No.evidence	No.evidence
14	42760271	42760306	INV3	No.evidence	No.evidence	Mapping.error	Mapping.error	NA	No.evidence
14	76753483	76753550	DEL	No.evidence	No.evidence	Germline	Mapping.error	NA	No.evidence
14	104560089	104560146	DEL	Somatic	Somatic	Somatic	Somatic	NA	No.evidence
14	106789208	106790045	DEL	Germline	Germline	Germline	Germline	NA	Somatic
15	23712635	23717162	DEL	Somatic	Somatic	Somatic	Somatic	Somatic	Somatic
15	23831654	23831655	INV3	No.evidence	No.evidence	No.evidence	No.evidence	No.evidence	No.evidence
15	23831660	23992707	INV3	Somatic	Somatic	Somatic	Somatic	Somatic	Somatic
15	29880729	29880793	DEL	No.evidence	No.evidence	Germline	Germline	NA	No.evidence
15	41621289	41628510	DUP	Somatic	Somatic	Somatic	Somatic	Somatic	Somatic
15	41621291	41621292	INV3	No.evidence	No.evidence	No.evidence	No.evidence	No.evidence	No.evidence
15	69615107	69615150	DEL	No.evidence	No.evidence	No.evidence	Mapping.error	No.evidence	No.evidence
15	78511144	78511186	DEL	No.evidence	No.evidence	Germline	Germline	No.evidence	No.evidence
16	1005115	1005487	DEL	No.evidence	Mapping.error	No.evidence	No.evidence	No.evidence	Mapping.error
16	20646908	20646950	DEL	No.evidence	No.evidence	No.evidence	Mapping.error	NA	No.evidence
16	32532228	32533683	DEL	No.evidence	Germline	Germline	Germline	NA	Germline
16	58624542	58663325	DEL	Somatic	Somatic	Somatic	Somatic	Somatic	Somatic
16	58624546	58624547	INV3	No.evidence	No.evidence	No.evidence	No.evidence	No.evidence	No.evidence
16	78928635	79095006	INV3	Somatic	Somatic	Somatic	Somatic	Somatic	Somatic
17	65421302	65421340	DEL	No.evidence	No.evidence	Mapping.error	Somatic	No.evidence	Mapping.error
17	81129250	81129327	DEL	NA	No.evidence	Mapping.error	Germline	NA	No.evidence
18	588906	588956	DEL	No.evidence	No.evidence	No.evidence	No.evidence	NA	No.evidence
18	27175749	27175839	DEL	No.evidence	No.evidence	No.evidence	No.evidence	NA	No.evidence
18	66379460	66382826	DEL	Somatic	Somatic	Somatic	Somatic	Somatic	Somatic
18	76601808	76601845	INV3	Mapping.error	No.evidence	Germline	Mapping.error	NA	No.evidence
18	76794463	76794539	DEL	No.evidence	No.evidence	No.evidence	No.evidence	NA	No.evidence
18	77586417	77586484	DEL	No.evidence	No.evidence	Germline	Mapping.error	NA	No.evidence
19	468803	468884	DEL	No.evidence	No.evidence	Mapping.error	Germline	NA	No.evidence
19	51123157	51123204	DEL	No.evidence	No.evidence	Germline	Germline	No.evidence	No.evidence
2	1526016	1526138	DEL	No.evidence	No.evidence	Germline	Germline	NA	No.evidence
2	23588124	23588173	DEL	No.evidence	Germline	Germline	Germline	NA	No.evidence
2	23943368	23943400	INV3	No.evidence	Germline	Germline	Germline	NA	Germline
2	44783586	44783908	DEL	Germline	Germline	Germline	Germline	NA	Germline
2	44815723	44815772	DEL	No.evidence	No.evidence	No.evidence	No.evidence	No.evidence	No.evidence
2	52825751	52825825	DEL	Germline	Germline	Germline	Germline	NA	Germline
2	53898831	53899030	DEL	Germline	Germline	Germline	Germline	NA	Germline
2	123992501	123992598	DEL	No.evidence	No.evidence	No.evidence	Mapping.error	No.evidence	No.evidence
2	133115534	133115802	DEL	Germline	Germline	Germline	Germline	NA	Germline
2	137648030	137648074	DEL	No.evidence	Mapping.error	No.evidence	No.evidence	NA	No.evidence
2	139987622	139987683	DEL	No.evidence	Mapping.error	Mapping.error	Germline	NA	No.evidence
2	167048165	167048233	DEL	Germline	Germline	Germline	Germline	NA	Germline
2	200474152	200474191	DEL	No.evidence	No.evidence	Germline	Germline	NA	No.evidence
2	209986181	209986217	INV3	No.evidence	No.evidence	Mapping.error	Mapping.error	NA	No.evidence
2	239306761	239306858	DEL	NA	Mapping.error	No.evidence	No.evidence	NA	No.evidence
20	13160726	13164099	DEL	Somatic	Somatic	Somatic	Somatic	Somatic	Somatic
20	13160729	13160730	INV3	No.evidence	Mapping.error	No.evidence	No.evidence	No.evidence	No.evidence
20	14962954	15013947	DEL	Somatic	Somatic	Somatic	Somatic	Somatic	Somatic
20	15000616	15013834	DEL	Somatic	Somatic	Somatic	Somatic	Somatic	Somatic
20	18688849	18688921	DEL	No.evidence	No.evidence	Mapping.error	Mapping.error	NA	No.evidence
20	33219560	33219605	DEL	No.evidence	No.evidence	Somatic	Somatic	No.evidence	No.evidence
20	60358838	60359371	DEL	Mapping.error	No.evidence	No.evidence	Mapping.error	NA	Somatic
20	60893355	60893407	DEL	No.evidence	No.evidence	No.evidence	No.evidence	NA	No.evidence
20	61765986	61766034	DEL	No.evidence	No.evidence	No.evidence	No.evidence	NA	Mapping.error
20	62467813	62467872	DEL	No.evidence	No.evidence	Mapping.error	Mapping.error	NA	No.evidence
21	18344453	18344558	DEL	NA	No.evidence	No.evidence	Mapping.error	NA	No.evidence
21	22825228	22825278	DEL	No.evidence	Mapping.error	No.evidence	Mapping.error	No.evidence	No.evidence
21	46153265	46153456	DEL	No.evidence	No.evidence	Germline	Germline	NA	Germline
22	21747059	21747100	INV3	No.evidence	No.evidence	Germline	Mapping.error	NA	No.evidence
22	27298675	27298725	DEL	No.evidence	No.evidence	No.evidence	Germline	NA	Germline
22	33759247	33838388	DEL	Somatic	Somatic	Somatic	Somatic	Somatic	Somatic
22	35785271	35785332	DEL	No.evidence	No.evidence	Germline	Germline	No.evidence	No.evidence
22	40618721	40618760	DEL	No.evidence	No.evidence	No.evidence	Somatic	NA	Mapping.error
3	24565105	24565106	INV3	No.evidence	No.evidence	No.evidence	No.evidence	No.evidence	No.evidence
3	24565107	24566181	INV3	Somatic	Somatic	Somatic	Somatic	Somatic	Somatic
3	26663921	26664500	INV3	Somatic	Somatic	Somatic	Somatic	No.evidence	Somatic
3	60132754	60204542	DEL	Somatic	Somatic	Somatic	Somatic	Somatic	Somatic
3	60872120	61013213	INV3	Somatic	Somatic	Somatic	Somatic	Somatic	Somatic
3	75794437	75794534	DEL	Germline	Germline	Germline	Somatic	NA	Mapping.error
3	98555915	98555965	DEL	No.evidence	No.evidence	Germline	No.evidence	No.evidence	No.evidence
3	102527330	102527488	DEL	No.evidence	No.evidence	Somatic	No.evidence	NA	No.evidence
3	148308521	148308626	DEL	No.evidence	No.evidence	Mapping.error	No.evidence	NA	No.evidence
3	186442174	186513634	INV3	Somatic	Somatic	Somatic	Somatic	Somatic	Somatic
3	196067726	196067759	DEL	No.evidence	No.evidence	Mapping.error	Germline	NA	No.evidence
4	64715571	64715617	DEL	NA	Mapping.error	No.evidence	No.evidence	NA	No.evidence
5	6027440	6027473	INV3	No.evidence	No.evidence	Germline	Germline	NA	Germline
5	28787992	28963099	INV3	Somatic	Somatic	Somatic	Somatic	Somatic	Somatic
5	177239687	177239731	DEL	No.evidence	Mapping.error	No.evidence	No.evidence	No.evidence	No.evidence
5	178973288	178973322	DEL	Somatic	Somatic	Somatic	Somatic	NA	Somatic
6	440730	440762	DEL	No.evidence	No.evidence	Mapping.error	Mapping.error	NA	No.evidence
6	16265814	16265912	DEL	Germline	Germline	Germline	Germline	No.evidence	Germline
6	26194116	26194406	INV3	Somatic	Somatic	Somatic	Somatic	NA	Somatic
6	32459930	32460764	DEL	Germline	Germline	NA	NA	NA	Mapping.error
6	32614957	32615258	DEL	No.evidence	Germline	Germline	Germline	NA	Germline
6	38889797	38889849	DEL	No.evidence	No.evidence	Germline	Germline	No.evidence	No.evidence
6	73651048	73651100	DEL	No.evidence	No.evidence	Mapping.error	No.evidence	NA	Mapping.error
6	88992904	88992953	DEL	NA	NA	Germline	Germline	NA	No.evidence
6	104188328	104188393	DEL	Germline	Germline	Germline	Germline	NA	Germline
6	157468349	157468413	DEL	No.evidence	No.evidence	No.evidence	No.evidence	NA	Mapping.error
6	157699919	157703232	DEL	No.evidence	Germline	Germline	Germline	NA	Germline
6	169663199	169663256	DEL	No.evidence	No.evidence	Germline	Mapping.error	NA	No.evidence
6	170686759	170687002	DEL	Mapping.error	Mapping.error	Mapping.error	No.evidence	No.evidence	No.evidence
7	52440353	52440387	DEL	Somatic	Somatic	Somatic	Somatic	Somatic	Somatic
7	57471575	57496108	DEL	Somatic	Somatic	Somatic	Somatic	Somatic	Somatic
7	64687581	64687675	DEL	NA	No.evidence	No.evidence	Germline	NA	No.evidence
7	65589716	65591965	DEL	Germline	Germline	Germline	Germline	NA	Germline
7	77981825	78082257	INV3	Somatic	Somatic	Somatic	Somatic	Somatic	Somatic
7	78190204	78257684	DEL	Somatic	Somatic	Somatic	Somatic	Somatic	Somatic
7	85844666	85853703	DUP	Somatic	Somatic	Somatic	Somatic	Somatic	Somatic
7	85844667	85844668	INV3	No.evidence	Mapping.error	No.evidence	No.evidence	No.evidence	No.evidence
7	104485070	104612296	INV3	Somatic	Somatic	Somatic	Somatic	Somatic	Somatic
7	110393331	110394460	DEL	Somatic	Somatic	Somatic	Somatic	Somatic	Mapping.error
7	125746122	126166901	DEL	Somatic	Somatic	Somatic	Somatic	Somatic	Somatic
7	126098481	126167436	INV5	Somatic	Somatic	Somatic	Somatic	NA	Somatic
7	143959218	144088801	INV3	Somatic	Somatic	Somatic	Somatic	Somatic	Somatic
7	156429954	156429988	INV3	No.evidence	No.evidence	Mapping.error	Germline	NA	No.evidence
7	157957044	157957107	DEL	NA	No.evidence	Germline	Germline	NA	No.evidence
7	158087926	158088095	DEL	No.evidence	Mapping.error	Germline	Germline	NA	No.evidence
8	2215413	2216067	DEL	Mapping.error	Somatic	Germline	Mapping.error	NA	Mapping.error
8	38383387	38383467	DEL	Germline	Germline	Mapping.error	Mapping.error	NA	Germline
8	112062419	112063583	INV3	Somatic	Somatic	Somatic	Somatic	Somatic	Somatic
8	131248115	131274647	INV3	Somatic	Somatic	Somatic	Somatic	Somatic	Somatic
8	136997680	136997743	DEL	NA	No.evidence	No.evidence	No.evidence	NA	No.evidence
9	28031801	28059175	INV3	Somatic	Somatic	Somatic	Somatic	Somatic	Somatic
9	28031834	28031835	INV3	No.evidence	No.evidence	No.evidence	No.evidence	No.evidence	Mapping.error
9	28031862	28031863	INV3	No.evidence	No.evidence	No.evidence	No.evidence	No.evidence	Mapping.error
9	28031862	28034464	INV5	Somatic	Somatic	Somatic	Somatic	Somatic	Somatic
9	28034297	28157689	DEL	Somatic	Somatic	Somatic	Somatic	No.evidence	Somatic
9	89203738	89203772	INV3	No.evidence	No.evidence	Germline	Germline	No.evidence	No.evidence
9	114293051	114293097	INV3	No.evidence	Somatic	Somatic	Somatic	No.evidence	Somatic
9	136692555	136692707	DEL	Mapping.error	Mapping.error	Germline	No.evidence	NA	No.evidence
9	138338624	138338860	DEL	Germline	Mapping.error	No.evidence	No.evidence	NA	No.evidence
X	1426607	1426813	DEL	No.evidence	No.evidence	Germline	Germline	No.evidence	No.evidence
X	1562576	1562640	DEL	No.evidence	No.evidence	Germline	Germline	NA	No.evidence
X	31196942	31216202	DEL	Somatic	Somatic	Somatic	Somatic	Somatic	Somatic
X	31196943	31196944	INV3	No.evidence	No.evidence	No.evidence	No.evidence	No.evidence	No.evidence
X	31301200	32038751	INV3	Somatic	Somatic	Somatic	Somatic	NA	Somatic
X	32077847	32293108	INV3	Somatic	Somatic	Somatic	Somatic	Somatic	Somatic
X	32098528	32201253	INV3	Somatic	Somatic	Somatic	Somatic	NA	Somatic
X	34059777	34062694	DEL	Somatic	Somatic	Somatic	Somatic	No.evidence	Somatic
X	84343822	84343872	DEL	No.evidence	Germline	Germline	Germline	NA	Germline
Y	13267909	13267973	DEL	No.evidence	Germline	Germline	Germline	NA	Germline
